id;name;description
1;Account;../fake-data/blob/hipster.txt
2;gold;../fake-data/blob/hipster.txt
3;Borders North;../fake-data/blob/hipster.txt
4;leverage alarm;../fake-data/blob/hipster.txt
5;Borders Architect networks;../fake-data/blob/hipster.txt
6;parsing;../fake-data/blob/hipster.txt
7;Communications Rubber cross-platform;../fake-data/blob/hipster.txt
8;Wooden Baby;../fake-data/blob/hipster.txt
9;Account;../fake-data/blob/hipster.txt
10;Corporate generate Shirt;../fake-data/blob/hipster.txt
